country,year,population,gdp,electricity_demand,electricity_generation,electricity_share_energy,carbon_intensity_elec,greenhouse_gas_emissions,net_elec_imports,primary_energy_consumption,biofuel_consumption,biofuel_electricity,biofuel_share_elec,biofuel_share_energy,coal_consumption,coal_electricity,coal_share_elec,coal_share_energy,fossil_electricity,fossil_fuel_consumption,fossil_share_elec,fossil_share_energy,gas_consumption,gas_electricity,gas_share_elec,gas_share_energy,hydro_consumption,hydro_electricity,hydro_share_elec,hydro_share_energy,nuclear_consumption,nuclear_electricity,nuclear_share_elec,nuclear_share_energy,oil_consumption,oil_electricity,oil_share_elec,oil_share_energy,renewables_consumption,renewables_electricity,renewables_share_elec,renewables_share_energy,solar_consumption,solar_electricity,solar_share_elec,solar_share_energy,wind_consumption,wind_electricity,wind_share_elec,wind_share_energy,continent,status
China,1991,1170626176.0,3508947910656.0,,677.55,8.372,,,,8337.61,,,,,6433.427,498.434,73.564,77.162,552.786,7968.69,81.586,95.575,156.118,2.429,0.358,1.872,368.704,124.689,18.403,4.422,0.0,0.0,0.0,0.0,1379.144,51.923,7.663,16.541,368.921,124.764,18.414,4.425,0.006,0.002,0.0,0.0,0.027,0.009,0.001,0.0,Asia,High-Income
China,1992,1183813376.0,3755037425664.0,,753.94,8.852,,,,8773.708,,,,,6731.497,567.33,75.249,76.724,623.007,8386.55,82.633,95.587,159.142,2.467,0.327,1.814,386.437,130.686,17.334,4.404,0.0,0.0,0.0,0.0,1495.912,53.21,7.058,17.05,387.158,130.933,17.367,4.413,0.009,0.003,0.0,0.0,0.388,0.131,0.017,0.004,Asia,High-Income
China,1993,1195855616.0,4126169628672.0,,811.59,8.863,,,,9457.634,,,,,7170.356,589.228,72.602,75.816,657.806,9003.102,81.052,95.194,168.969,3.124,0.385,1.787,449.007,151.846,18.71,4.748,4.551,1.604,0.198,0.048,1663.776,65.454,8.065,17.592,449.981,152.179,18.751,4.758,0.012,0.004,0.0,0.0,0.627,0.212,0.026,0.007,Asia,High-Income
China,1994,1207286656.0,4438753280000.0,,927.8,9.573,,,,10048.812,,,,,7641.667,693.408,74.737,76.045,744.761,9509.277,80.272,94.631,176.971,3.154,0.34,1.761,495.086,167.429,18.046,4.927,41.87,14.756,1.59,0.417,1690.638,48.199,5.195,16.824,497.665,168.278,18.137,4.952,0.015,0.005,0.001,0.0,1.135,0.384,0.041,0.011,Asia,High-Income
China,1995,1218144384.0,4810000039936.0,,1007.03,10.123,,,,10352.658,,,,,7736.85,741.886,73.671,74.733,799.979,9741.276,79.439,94.094,178.795,2.999,0.298,1.727,563.543,190.58,18.925,5.443,36.414,12.833,1.274,0.352,1825.631,55.094,5.471,17.634,574.968,194.217,19.286,5.554,0.021,0.007,0.001,0.0,1.822,0.616,0.061,0.018,Asia,High-Income
China,1996,1228298880.0,5127589593088.0,,1081.31,10.289,,,,10907.449,,,,,8095.389,824.184,76.221,74.219,877.363,10305.78,81.139,94.484,187.362,2.828,0.262,1.718,555.825,187.97,17.384,5.096,40.684,14.338,1.326,0.373,2023.029,50.351,4.656,18.547,560.985,189.606,17.535,5.143,0.027,0.009,0.001,0.0,0.278,0.094,0.009,0.003,Asia,High-Income
China,1997,1237801472.0,5291338891264.0,,1135.55,10.748,,,,10981.134,,,,,7931.912,867.026,76.353,72.232,922.219,10351.442,81.213,94.266,197.985,8.077,0.711,1.803,579.511,195.98,17.259,5.277,40.911,14.418,1.27,0.373,2221.545,47.115,4.149,20.231,588.779,198.911,17.517,5.362,0.033,0.011,0.001,0.0,0.585,0.198,0.017,0.005,Asia,High-Income
China,1998,1246836096.0,5338703069184.0,,1167.0,11.031,,,,11000.566,,,,,7871.717,891.674,76.407,71.557,951.158,10363.471,81.505,94.209,204.163,6.092,0.522,1.856,588.116,198.89,17.043,5.346,40.009,14.1,1.208,0.364,2287.591,53.392,4.575,20.795,597.086,201.74,17.287,5.428,0.041,0.014,0.001,0.0,1.051,0.356,0.03,0.01,Asia,High-Income
China,1999,1255433216.0,5578502963200.0,,1239.3,11.3,,,,11386.067,,,,,8099.032,969.684,78.245,71.131,1024.758,10752.908,82.688,94.439,216.631,4.813,0.388,1.903,581.285,196.58,15.862,5.105,42.418,14.949,1.206,0.373,2437.245,50.261,4.056,21.405,590.742,199.591,16.105,5.188,0.05,0.017,0.001,0.0,1.401,0.474,0.038,0.012,Asia,High-Income
China,2000,1264099072.0,5952682590208.0,1346.85,1355.6,11.967,672.367,911.46,-8.75,11800.283,0.0,2.54,0.187,0.0,8211.406,1060.26,78.213,69.587,1113.3,11085.259,82.126,93.941,246.957,5.77,0.426,2.093,657.664,222.41,16.407,5.573,47.491,16.74,1.235,0.402,2626.896,47.27,3.487,22.261,667.533,225.56,16.639,5.657,0.065,0.02,0.001,0.001,1.744,0.59,0.044,0.015,Asia,High-Income
China,2001,1272739584.0,6329737412608.0,1472.19,1480.79,12.45,654.88,969.74,-8.6,12470.062,0.0,2.55,0.172,0.0,8635.754,1129.14,76.253,69.252,1182.59,11595.461,79.862,92.986,276.458,4.93,0.333,2.217,815.031,277.43,18.735,6.536,49.255,17.47,1.18,0.395,2683.249,48.52,3.277,21.518,825.347,280.73,18.958,6.619,0.091,0.03,0.002,0.001,2.113,0.72,0.049,0.017,Asia,High-Income
China,2002,1280926080.0,6814493573120.0,1645.61,1654.01,12.747,663.279,1097.07,-8.4,13580.49,1.715,2.55,0.154,0.013,9467.457,1282.57,77.543,69.714,1337.47,12657.19,80.862,93.201,294.136,4.19,0.253,2.166,840.537,287.97,17.41,6.189,70.378,25.13,1.519,0.518,2895.598,50.71,3.066,21.322,852.921,291.41,17.618,6.28,0.14,0.05,0.003,0.001,2.444,0.84,0.051,0.018,Asia,High-Income
China,2003,1288873344.0,7248622387200.0,1903.22,1910.58,12.574,677.915,1295.21,-7.36,15818.756,4.735,2.54,0.133,0.03,11283.059,1519.97,79.555,71.327,1579.96,14859.567,82.695,93.936,341.747,5.16,0.27,2.16,822.707,283.68,14.848,5.201,120.618,43.34,2.268,0.763,3234.762,54.83,2.87,20.449,838.57,287.28,15.036,5.301,0.186,0.06,0.003,0.001,2.891,1.0,0.052,0.018,Asia,High-Income
China,2004,1296816768.0,7830953263104.0,2197.23,2203.31,12.415,667.9,1471.59,-6.08,18509.135,5.97,2.53,0.115,0.032,13155.28,1722.42,78.174,71.075,1795.41,17332.893,81.487,93.645,399.84,7.46,0.339,2.16,1018.791,353.54,16.046,5.504,139.558,50.47,2.291,0.754,3777.772,65.53,2.974,20.41,1036.686,357.43,16.222,5.601,0.219,0.08,0.004,0.001,3.682,1.28,0.058,0.02,Asia,High-Income
China,2005,1304887552.0,8602940080128.0,2494.08,2500.26,12.39,670.506,1676.44,-6.18,21027.164,8.375,5.32,0.213,0.04,15405.105,1980.15,79.198,73.263,2042.8,19713.344,81.703,93.752,469.751,12.14,0.486,2.234,1136.824,397.02,15.879,5.406,145.871,53.09,2.123,0.694,3838.487,50.51,2.02,18.255,1167.95,404.37,16.173,5.554,0.241,0.08,0.003,0.001,5.572,1.95,0.078,0.027,Asia,High-Income
China,2006,1313086592.0,9489543593984.0,2858.84,2865.72,12.951,676.615,1938.99,-6.88,23048.367,12.103,7.13,0.249,0.053,16918.381,2302.42,80.344,73.404,2364.16,21612.988,82.498,93.772,577.838,23.82,0.831,2.507,1239.988,435.79,15.207,5.38,149.745,54.84,1.914,0.65,4116.769,37.92,1.323,17.861,1285.634,446.72,15.588,5.578,0.27,0.09,0.003,0.001,10.562,3.71,0.129,0.046,Asia,High-Income
China,2007,1321513216.0,10358205972480.0,3271.23,3281.54,13.659,679.41,2229.51,-10.31,25049.293,13.065,9.86,0.3,0.052,18423.912,2656.7,80.959,73.551,2718.7,23448.26,82.848,93.608,710.779,33.91,1.033,2.838,1372.143,485.26,14.788,5.478,168.582,62.13,1.893,0.673,4313.567,28.09,0.856,17.22,1432.453,500.71,15.258,5.719,0.322,0.11,0.003,0.001,15.493,5.48,0.167,0.062,Asia,High-Income
China,2008,1330167168.0,10799147909120.0,3482.96,3495.76,14.157,649.673,2271.1,-12.8,26019.0,16.717,14.87,0.425,0.064,18715.92,2708.91,77.491,71.932,2762.29,23943.34,79.018,92.023,819.329,34.57,0.989,3.149,1789.895,636.96,18.221,6.879,184.426,68.39,1.956,0.709,4408.092,18.81,0.538,16.942,1891.234,665.08,19.025,7.269,0.427,0.15,0.004,0.002,36.812,13.1,0.375,0.141,Asia,High-Income
China,2009,1339125632.0,11572544012288.0,3703.26,3714.64,14.374,658.037,2444.37,-11.38,27158.898,19.889,20.86,0.562,0.073,19605.02,2911.52,78.38,72.186,2980.2,25087.559,80.229,92.373,902.24,56.56,1.523,3.322,1719.316,615.64,16.573,6.331,187.726,70.05,1.886,0.691,4580.298,12.12,0.326,16.865,1883.614,664.39,17.886,6.936,0.779,0.28,0.008,0.003,77.121,27.61,0.743,0.284,Asia,High-Income
China,2010,1348191360.0,12858808074240.0,4193.65,4207.16,15.285,650.845,2738.21,-13.51,29055.609,19.797,24.9,0.592,0.068,20340.541,3233.6,76.859,70.006,3346.04,26643.771,79.532,91.699,1088.74,77.73,1.848,3.747,1974.5,711.38,16.909,6.796,199.071,74.74,1.776,0.685,5214.49,34.71,0.825,17.947,2212.766,786.38,18.691,7.616,1.946,0.7,0.017,0.007,137.113,49.4,1.174,0.472,Asia,High-Income
China,2011,1357095424.0,13673158410240.0,4700.28,4713.02,15.822,663.763,3128.33,-12.74,31336.535,21.901,27.63,0.586,0.07,22143.604,3690.87,78.312,70.664,3833.44,28885.965,81.337,92.18,1351.629,108.77,2.308,4.313,1898.078,688.04,14.599,6.057,230.835,87.2,1.85,0.737,5390.733,33.8,0.717,17.203,2219.735,792.38,16.813,7.084,7.2,2.61,0.055,0.023,204.416,74.1,1.572,0.652,Asia,High-Income
China,2012,1366560768.0,14358127050752.0,4976.76,4987.54,16.241,637.491,3179.51,-10.78,32624.225,25.844,30.13,0.604,0.079,22422.357,3748.19,75.151,68.729,3889.66,29585.432,77.988,90.685,1508.776,110.25,2.211,4.625,2365.726,862.79,17.299,7.251,258.69,98.32,1.971,0.793,5654.299,31.22,0.626,17.332,2780.102,999.56,20.041,8.522,9.856,3.59,0.072,0.03,282.556,103.05,2.066,0.866,Asia,High-Income
China,2013,1376100352.0,15304425996288.0,5420.4,5431.63,17.097,636.494,3457.2,-11.23,33852.562,35.384,37.13,0.684,0.105,22902.131,4077.37,75.067,67.653,4226.76,30528.387,77.818,90.18,1718.785,116.39,2.143,5.077,2479.073,909.61,16.747,7.323,291.608,111.5,2.053,0.861,5907.47,33.0,0.608,17.451,3032.571,1093.37,20.13,8.958,22.822,8.37,0.154,0.067,376.828,138.26,2.545,1.113,Asia,High-Income
China,2014,1385189632.0,16220856254464.0,5783.04,5794.45,17.945,617.373,3577.34,-11.41,34729.508,37.398,46.27,0.799,0.108,22804.703,4203.06,72.536,65.664,4372.0,30830.85,75.452,88.774,1883.631,133.28,2.3,5.424,2870.808,1059.69,18.288,8.266,346.318,133.22,2.299,0.997,6142.517,35.66,0.615,17.687,3552.34,1289.23,22.249,10.229,63.697,23.51,0.406,0.183,432.813,159.76,2.757,1.246,Asia,High-Income
China,2015,1393715456.0,16710945996800.0,5802.14,5814.58,17.904,596.838,3470.36,-12.44,35134.855,26.17,54.07,0.93,0.074,22329.041,4046.17,69.587,63.552,4249.54,30885.832,73.084,87.907,1946.895,166.91,2.871,5.541,3001.359,1114.52,19.168,8.542,442.87,171.38,2.947,1.26,6609.896,36.46,0.627,18.813,3806.155,1393.66,23.968,10.833,106.32,39.48,0.679,0.303,499.793,185.59,3.192,1.422,Asia,High-Income
China,2016,1401889664.0,17255473610752.0,6120.44,6133.16,18.954,584.956,3587.63,-12.72,35278.277,28.382,62.13,1.013,0.08,21675.779,4156.35,67.768,61.442,4397.19,30593.768,71.695,86.721,2094.411,188.28,3.07,5.937,3087.34,1153.27,18.804,8.751,547.629,213.18,3.476,1.552,6823.578,52.56,0.857,19.342,4136.883,1522.79,24.829,11.726,178.098,66.53,1.085,0.505,644.793,240.86,3.927,1.828,Asia,High-Income
China,2017,1410275968.0,17575081672704.0,6591.39,6604.44,19.743,579.864,3829.68,-13.05,36649.703,26.255,79.6,1.205,0.072,21915.443,4430.03,67.077,59.797,4689.28,31511.137,71.002,85.979,2412.522,203.2,3.077,6.583,3100.576,1165.06,17.641,8.46,633.589,248.1,3.757,1.729,7183.172,56.05,0.849,19.6,4504.977,1667.06,25.242,12.292,313.5,117.8,1.784,0.855,810.629,304.6,4.612,2.212,Asia,High-Income
China,2018,1417069440.0,18151620214784.0,7150.92,7166.14,20.539,574.629,4117.87,-15.22,38415.93,34.036,93.73,1.308,0.089,22352.146,4763.92,66.478,58.185,5035.82,32726.068,70.272,85.189,2839.26,215.5,3.007,7.391,3171.928,1198.89,16.73,8.257,748.955,295.0,4.117,1.95,7534.662,56.4,0.787,19.613,4940.908,1835.32,25.611,12.862,468.029,176.9,2.469,1.218,967.807,365.8,5.105,2.519,Asia,High-Income
China,2019,1421864064.0,,7486.63,7503.43,20.662,560.781,4207.78,-16.8,40206.684,30.525,112.73,1.502,0.076,22922.236,4855.19,64.706,57.011,5140.16,33921.184,68.504,84.367,3083.768,232.5,3.099,7.67,3354.375,1272.54,16.959,8.343,882.026,348.7,4.647,2.194,7915.177,52.47,0.699,19.686,5403.476,2014.57,26.849,13.439,590.458,224.0,2.985,1.469,1068.36,405.3,5.402,2.657,Asia,High-Income
China,2020,1424929792.0,,7762.03,7779.07,20.84,550.468,4282.13,-17.04,41513.812,22.805,135.63,1.744,0.055,23402.553,4921.96,63.272,56.373,5227.93,34753.18,67.205,83.715,3366.173,252.5,3.246,8.109,3471.19,1321.71,16.991,8.362,922.889,366.2,4.708,2.223,7984.453,53.47,0.687,19.233,5837.744,2184.94,28.087,14.062,685.724,261.1,3.356,1.652,1225.164,466.5,5.997,2.951,Asia,High-Income
China,2021,1425893504.0,,8516.56,8534.26,21.769,544.974,4650.95,-17.7,43873.07,28.214,165.93,1.944,0.064,24315.475,5328.83,62.44,55.422,5678.03,36318.707,66.532,82.781,3802.679,287.1,3.364,8.667,3401.68,1300.0,15.233,7.753,1023.213,407.5,4.775,2.332,8200.554,62.1,0.728,18.692,6531.148,2448.73,28.693,14.886,855.653,327.0,3.832,1.95,1716.017,655.8,7.684,3.911,Asia,High-Income
China,2022,1425887360.0,,8831.03,8848.73,22.542,533.983,4725.07,-17.7,44275.914,27.874,176.63,1.996,0.063,24559.486,5397.8,61.001,55.469,5760.75,36138.059,65.103,81.62,3757.047,290.58,3.284,8.486,3397.424,1303.13,14.727,7.673,1045.25,417.8,4.722,2.361,7821.524,72.37,0.818,17.665,7092.607,2670.18,30.176,16.019,1115.113,427.72,4.834,2.519,1988.45,762.7,8.619,4.491,Asia,High-Income
Germany,1991,79801984.0,2140549414912.0,535.26,535.83,14.158,,,-0.57,4090.643,,1.87,0.349,,1343.595,307.67,57.419,32.846,371.62,3620.403,69.354,88.505,669.193,36.11,6.739,16.359,46.868,14.89,2.779,1.146,418.25,147.23,27.477,10.225,1607.615,27.84,5.196,39.3,51.99,16.98,3.169,1.271,0.003,0.0,0.0,0.0,0.296,0.22,0.041,0.007,Europe,High-Income
Germany,1992,80205024.0,2206446125056.0,528.34,533.66,14.516,,,-5.32,4009.338,0.051,2.04,0.382,0.001,1214.498,295.67,55.404,30.292,355.13,3497.78,66.546,87.241,661.627,32.89,6.163,16.502,55.103,17.4,3.261,1.374,450.597,158.8,29.757,11.239,1621.655,26.57,4.979,40.447,60.96,19.73,3.697,1.52,0.006,0.0,0.0,0.0,0.813,0.29,0.054,0.02,Europe,High-Income
Germany,1993,80573496.0,2210102247424.0,523.36,522.49,14.25,,,0.87,3991.526,0.051,1.97,0.377,0.001,1145.774,293.25,56.125,28.705,348.69,3492.76,66.736,87.504,700.113,34.57,6.616,17.54,56.065,17.88,3.422,1.405,435.559,153.28,29.336,10.912,1646.873,20.87,3.994,41.259,63.208,20.52,3.927,1.584,0.009,0.0,0.0,0.0,1.774,0.67,0.128,0.044,Europe,High-Income
Germany,1994,80882120.0,2290161025024.0,527.55,525.21,14.465,,,2.34,3954.172,0.288,2.07,0.394,0.007,1111.452,290.29,55.271,28.108,351.07,3456.352,66.844,87.41,712.927,40.25,7.664,18.03,59.716,19.93,3.795,1.51,429.032,150.7,28.693,10.85,1631.973,20.53,3.909,41.272,68.788,23.44,4.463,1.74,0.012,0.01,0.002,0.0,2.688,1.43,0.272,0.068,Europe,High-Income
Germany,1995,81123264.0,2356396687360.0,537.63,532.81,14.63,,,4.82,3974.795,0.359,2.43,0.456,0.009,1053.939,289.14,54.267,26.516,353.79,3462.442,66.401,87.11,777.374,43.18,8.104,19.558,63.741,21.78,4.088,1.604,437.261,153.09,28.733,11.001,1631.13,21.47,4.03,41.037,75.091,25.93,4.867,1.889,0.015,0.01,0.002,0.0,4.435,1.71,0.321,0.112,Europe,High-Income
Germany,1996,81300864.0,2402605858816.0,545.42,550.69,14.625,,,-5.27,4105.846,0.565,2.5,0.454,0.014,1049.402,295.99,53.749,25.559,364.12,3578.19,66.121,87.149,869.91,48.02,8.72,21.187,55.645,21.96,3.988,1.355,458.579,160.02,29.058,11.169,1658.878,20.11,3.652,40.403,69.077,26.55,4.821,1.682,0.018,0.01,0.002,0.0,6.009,2.08,0.378,0.146,Europe,High-Income
Germany,1997,81436096.0,2474738188288.0,545.66,548.01,14.847,,,-2.35,4053.187,0.924,2.65,0.484,0.023,1016.818,284.34,51.886,25.087,354.62,3496.779,64.711,86.272,831.034,49.73,9.075,20.503,56.041,17.36,3.168,1.383,483.308,170.33,31.082,11.924,1648.927,20.55,3.75,40.682,73.1,23.06,4.208,1.804,0.033,0.02,0.004,0.001,8.77,3.03,0.553,0.216,Europe,High-Income
Germany,1998,81524384.0,2552402542592.0,551.74,552.38,15.053,,,-0.64,4019.631,1.026,3.06,0.554,0.026,992.512,292.26,52.909,24.692,365.83,3481.879,66.228,86.622,838.65,53.83,9.745,20.864,56.189,17.22,3.117,1.398,458.542,161.64,29.262,11.408,1650.717,19.74,3.574,41.066,79.209,24.91,4.51,1.971,0.044,0.04,0.007,0.001,13.274,4.59,0.831,0.33,Europe,High-Income
Germany,1999,81556968.0,2632654520320.0,553.58,552.54,15.379,,,1.04,3963.56,1.336,3.51,0.635,0.034,955.582,281.27,50.905,24.109,353.82,3392.88,64.035,85.602,836.191,55.06,9.965,21.097,61.168,19.65,3.556,1.543,482.389,170.0,30.767,12.171,1601.107,17.49,3.165,40.396,88.292,28.72,5.198,2.228,0.056,0.03,0.005,0.001,16.346,5.53,1.001,0.412,Europe,High-Income
Germany,2000,81551680.0,2741356986368.0,572.07,569.01,15.808,498.568,283.69,3.06,3988.179,2.569,4.33,0.761,0.064,992.096,296.68,52.14,24.876,363.93,3391.776,63.958,85.046,829.246,49.2,8.647,20.793,73.629,21.73,3.819,1.846,481.26,169.61,29.808,12.067,1570.435,18.05,3.172,39.377,115.143,35.47,6.234,2.887,0.0,0.06,0.011,0.0,28.091,9.35,1.643,0.704,Europe,High-Income
Germany,2001,81514568.0,2819462529024.0,582.62,578.96,15.762,494.386,286.23,3.66,4062.799,3.597,4.59,0.793,0.089,994.936,293.74,50.736,24.489,369.76,3460.381,63.866,85.172,874.482,55.5,9.586,21.524,68.157,22.73,3.926,1.678,482.924,171.3,29.588,11.886,1590.963,20.52,3.544,39.159,119.494,37.9,6.546,2.941,0.294,0.12,0.021,0.007,30.847,10.46,1.807,0.759,Europe,High-Income
Germany,2002,81443424.0,2851462971392.0,593.75,583.75,16.112,497.062,290.16,10.0,4011.723,5.652,5.31,0.91,0.141,997.149,299.6,51.323,24.856,374.43,3408.056,64.142,84.952,873.128,56.3,9.645,21.764,69.176,23.12,3.961,1.724,461.706,164.84,28.238,11.509,1537.78,18.53,3.174,38.332,141.96,44.48,7.62,3.539,0.584,0.19,0.033,0.015,46.118,15.86,2.717,1.15,Europe,High-Income
Germany,2003,81346808.0,2863394193408.0,597.43,600.7,16.572,500.083,300.4,-3.27,4010.471,8.099,8.95,1.49,0.202,1013.62,304.63,50.713,25.274,388.97,3405.057,64.753,84.904,883.72,62.59,10.42,22.035,53.134,18.32,3.05,1.325,459.353,165.06,27.478,11.454,1507.717,21.75,3.621,37.595,146.061,46.67,7.769,3.642,0.908,0.31,0.052,0.023,55.355,19.09,3.178,1.38,Europe,High-Income
Germany,2004,81266672.0,2929753849856.0,605.76,608.38,16.887,487.031,296.3,-2.62,4009.893,10.795,10.64,1.749,0.269,988.11,298.77,49.109,24.642,383.34,3366.811,63.01,83.963,888.211,62.67,10.301,22.15,59.782,20.75,3.411,1.491,461.972,167.07,27.461,11.521,1490.49,21.9,3.6,37.17,181.111,57.97,9.529,4.517,1.605,0.56,0.092,0.04,74.978,26.02,4.277,1.87,Europe,High-Income
Germany,2005,81212168.0,2983874265088.0,606.66,611.23,17.195,482.535,294.94,-4.57,3962.631,19.94,14.71,2.407,0.503,945.387,288.14,47.141,23.858,384.78,3308.255,62.952,83.486,902.81,72.19,11.811,22.783,56.232,19.64,3.213,1.419,447.986,163.05,26.676,11.305,1460.058,24.45,4.0,36.846,206.39,63.4,10.373,5.208,3.745,1.28,0.209,0.095,79.528,27.77,4.543,2.007,Europe,High-Income
Germany,2006,81177816.0,3129394593792.0,610.38,627.36,17.272,474.337,297.58,-16.98,4062.384,31.799,18.94,3.019,0.783,983.311,288.93,46.055,24.205,387.58,3360.617,61.78,82.725,920.069,74.73,11.912,22.648,56.996,20.03,3.193,1.403,456.955,167.27,26.663,11.248,1457.237,23.92,3.813,35.871,244.812,72.51,11.558,6.026,6.445,2.22,0.354,0.159,89.129,31.32,4.992,2.194,Europe,High-Income
Germany,2007,81183832.0,3268102848512.0,613.18,629.74,18.095,488.662,307.73,-16.56,3893.425,36.146,24.62,3.91,0.928,1008.287,297.1,47.178,25.897,399.83,3214.107,63.491,82.552,886.362,77.45,12.299,22.766,59.861,21.17,3.362,1.537,381.321,140.53,22.316,9.794,1319.459,25.28,4.014,33.889,297.996,89.38,14.193,7.654,8.87,3.08,0.489,0.228,114.538,40.51,6.433,2.942,Europe,High-Income
Germany,2008,81217488.0,3340933005312.0,610.88,630.98,18.026,468.43,295.57,-20.1,3934.661,31.715,28.02,4.441,0.806,931.808,275.21,43.616,23.682,388.21,3225.884,61.525,81.986,895.006,88.48,14.023,22.747,57.446,20.44,3.239,1.46,401.18,148.49,23.533,10.196,1399.069,24.52,3.886,35.558,307.597,94.28,14.942,7.818,12.668,4.42,0.7,0.322,116.294,41.38,6.558,2.956,Europe,High-Income
Germany,2009,81260624.0,3189039955968.0,574.39,586.66,17.882,464.562,272.54,-12.27,3692.18,31.513,30.89,5.265,0.853,834.292,253.45,43.202,22.596,355.79,3018.432,60.647,81.752,844.301,80.27,13.683,22.867,53.148,19.03,3.244,1.439,361.601,134.93,23.0,9.794,1339.838,22.07,3.762,36.289,312.147,95.94,16.354,8.454,18.753,6.58,1.122,0.508,110.089,39.42,6.719,2.982,Europe,High-Income
Germany,2010,81325088.0,3356793241600.0,607.78,622.73,18.252,462.11,287.77,-14.95,3847.15,31.542,33.92,5.447,0.82,896.172,262.89,42.216,23.294,376.99,3134.529,60.538,81.477,880.712,88.76,14.253,22.893,58.157,20.95,3.364,1.512,374.362,140.56,22.572,9.731,1357.644,25.34,4.069,35.29,338.26,105.18,16.89,8.792,33.204,11.73,1.884,0.863,106.99,38.55,6.19,2.781,Europe,High-Income
Germany,2011,81423384.0,3519131418624.0,599.49,603.26,18.294,472.549,285.07,-3.77,3710.586,32.848,36.89,6.115,0.885,910.791,262.46,43.507,24.546,371.25,3032.669,61.541,81.73,808.607,85.67,14.201,21.792,48.748,17.67,2.929,1.314,285.821,107.97,17.898,7.703,1313.271,23.12,3.833,35.393,392.096,124.04,20.562,10.567,55.148,19.6,3.249,1.486,137.538,49.86,8.265,3.707,Europe,High-Income
Germany,2012,81545568.0,3536438165504.0,597.8,618.34,18.568,475.111,293.78,-20.54,3761.915,34.993,43.2,6.986,0.93,936.074,276.23,44.673,24.883,375.84,3052.564,60.782,81.144,811.101,75.95,12.283,21.561,59.651,21.75,3.517,1.586,261.694,99.46,16.085,6.956,1305.389,23.66,3.826,34.7,447.656,143.04,23.133,11.9,73.33,26.38,4.266,1.949,141.703,51.68,8.358,3.767,Europe,High-Income
Germany,2013,81680592.0,3553715290112.0,596.91,629.1,18.35,477.508,300.4,-32.19,3868.519,31.312,45.51,7.234,0.809,963.399,288.2,45.811,24.904,379.47,3147.405,60.32,81.359,849.743,67.0,10.65,21.966,62.679,23.0,3.656,1.62,254.443,97.29,15.465,6.577,1334.262,24.27,3.858,34.49,466.672,152.34,24.216,12.063,83.455,31.01,4.929,2.157,143.73,52.74,8.383,3.715,Europe,High-Income
Germany,2014,81858824.0,3610400784384.0,584.08,617.96,18.981,463.023,286.13,-33.88,3710.461,32.831,48.29,7.814,0.885,925.895,274.41,44.406,24.954,358.29,2963.163,57.979,79.86,738.95,60.61,9.808,19.915,53.063,19.59,3.17,1.43,252.5,97.13,15.718,6.805,1298.318,23.27,3.766,34.991,494.797,162.54,26.303,13.335,96.032,36.06,5.835,2.588,158.474,58.5,9.467,4.271,Europe,High-Income
Germany,2015,82073232.0,3672553029632.0,590.39,638.67,19.398,448.275,286.3,-48.28,3780.858,30.778,50.33,7.88,0.814,915.056,272.2,42.62,24.202,358.09,2981.134,56.068,78.848,769.536,61.47,9.625,20.353,51.105,18.98,2.972,1.352,237.191,91.79,14.372,6.273,1296.542,24.42,3.824,34.292,562.533,188.79,29.56,14.878,102.538,38.73,6.064,2.712,217.118,80.62,12.623,5.743,Europe,High-Income
Germany,2016,82331432.0,3735419092992.0,590.45,640.97,19.035,447.899,287.09,-50.52,3842.884,30.844,50.93,7.946,0.803,889.935,261.75,40.837,23.158,366.67,3062.101,57.205,79.682,848.847,80.62,12.578,22.089,55.002,20.55,3.206,1.431,217.415,84.63,13.203,5.658,1323.319,24.3,3.791,34.436,563.367,189.67,29.591,14.66,100.539,38.1,5.944,2.616,213.96,79.92,12.469,5.568,Europe,High-Income
Germany,2017,82624368.0,3827498221568.0,591.58,644.04,19.002,423.933,273.03,-52.46,3892.673,31.389,50.92,7.906,0.806,835.93,241.26,37.46,21.474,351.4,3065.357,54.562,78.747,877.385,86.04,13.359,22.539,53.625,20.15,3.129,1.378,194.914,76.32,11.85,5.007,1352.043,24.1,3.742,34.733,632.402,216.32,33.588,16.246,103.154,39.4,6.118,2.65,281.28,105.69,16.41,7.226,Europe,High-Income
Germany,2018,82896696.0,3885961314304.0,581.95,630.69,19.213,411.296,259.4,-48.74,3795.127,32.718,50.79,8.053,0.862,806.69,228.16,36.176,21.256,332.62,2951.88,52.739,77.781,858.507,81.56,12.932,22.621,46.811,17.69,2.805,1.233,192.963,76.0,12.05,5.084,1286.682,22.9,3.631,33.904,650.284,222.07,35.211,17.135,117.259,43.46,6.891,3.09,290.9,109.95,17.433,7.665,Europe,High-Income
Germany,2019,83148144.0,,565.9,598.57,18.946,361.378,216.31,-32.67,3697.411,32.16,50.13,8.375,0.87,624.218,171.45,28.643,16.883,283.17,2811.785,47.308,76.047,892.83,90.0,15.036,24.147,52.01,19.73,3.296,1.407,189.89,75.07,12.542,5.136,1294.737,21.72,3.629,35.017,695.736,240.33,40.151,18.817,119.201,44.38,7.414,3.224,331.853,125.89,21.032,8.975,Europe,High-Income
Germany,2020,83328992.0,,546.86,565.89,19.424,332.185,187.98,-19.03,3447.96,39.271,50.93,9.0,1.139,514.867,134.6,23.786,14.932,250.02,2558.225,44.182,74.195,871.075,95.0,16.788,25.263,48.119,18.72,3.308,1.396,162.255,64.38,11.377,4.706,1172.284,20.42,3.608,33.999,727.48,251.49,44.441,21.099,129.991,49.5,8.747,3.77,346.938,132.11,23.346,10.062,Europe,High-Income
Germany,2021,83408560.0,,557.85,576.43,18.995,364.415,210.06,-18.58,3549.456,34.888,46.91,8.138,0.983,621.935,164.5,28.538,17.522,276.5,2699.75,47.968,76.061,917.315,90.3,15.665,25.844,51.436,19.66,3.411,1.449,173.582,69.13,11.993,4.89,1160.5,21.7,3.765,32.695,676.124,230.8,40.04,19.049,129.107,49.34,8.56,3.637,299.994,114.65,19.89,8.452,Europe,High-Income
Germany,2022,83369840.0,,533.3,560.55,19.213,385.389,216.03,-27.25,3416.287,34.683,41.51,7.405,1.015,647.222,178.94,31.922,18.945,280.96,2603.246,50.122,76.201,772.9,79.8,14.236,22.624,45.625,17.06,3.043,1.336,86.812,35.86,6.397,2.541,1183.124,22.22,3.964,34.632,726.229,243.73,43.481,21.258,158.48,60.01,10.706,4.639,326.64,124.91,22.283,9.561,Europe,High-Income
India,1991,888941760.0,1762411544576.0,,320.458,14.101,,,,2427.663,,,,,1357.878,214.118,66.816,55.934,240.917,2193.086,75.179,90.337,129.108,13.355,4.167,5.318,218.577,73.919,23.067,9.004,15.362,5.414,1.689,0.633,706.101,13.444,4.195,29.086,219.215,74.127,23.132,9.03,0.0,0.0,0.0,0.0,0.334,0.113,0.035,0.014,Asia,High-Income
India,1992,907574080.0,1842360483840.0,,337.153,14.028,,,,2552.772,,,,,1438.256,229.412,68.044,56.341,260.481,2326.79,77.259,91.148,144.347,16.258,4.822,5.655,207.169,70.061,20.78,8.115,18.171,6.404,1.899,0.712,744.187,14.811,4.393,29.152,207.812,70.269,20.842,8.141,0.0,0.0,0.0,0.0,0.262,0.088,0.026,0.01,Asia,High-Income
India,1993,926351296.0,1931870470144.0,,362.176,14.689,,,,2616.248,,,,,1489.625,252.784,69.796,56.937,284.87,2388.339,78.655,91.289,146.671,17.878,4.936,5.606,209.155,70.732,19.53,7.994,17.669,6.227,1.719,0.675,752.043,14.208,3.923,28.745,210.24,71.079,19.626,8.036,0.0,0.0,0.0,0.0,0.28,0.095,0.026,0.011,Asia,High-Income
India,1994,945261952.0,2039524753408.0,,387.967,14.98,,,,2757.121,,,,,1537.287,264.609,68.204,55.757,302.238,2504.123,77.903,90.824,158.569,21.882,5.64,5.751,237.186,80.212,20.675,8.603,14.032,4.945,1.275,0.509,808.267,15.747,4.059,29.316,238.966,80.784,20.822,8.667,0.0,0.0,0.0,0.0,0.566,0.191,0.049,0.021,Asia,High-Income
India,1995,964279104.0,2171040956416.0,,427.149,15.264,,,,2963.118,,,,,1631.613,296.292,69.365,55.064,342.552,2713.743,80.195,91.584,180.778,29.434,6.891,6.101,224.497,75.921,17.774,7.576,21.607,7.615,1.783,0.729,901.352,16.826,3.939,30.419,227.768,76.982,18.022,7.687,0.003,0.001,0.0,0.0,1.468,0.496,0.116,0.05,Asia,High-Income
India,1996,983281216.0,2323733020672.0,,443.205,15.139,,,,3081.631,,,,,1678.483,312.234,70.449,54.467,364.106,2848.561,82.153,92.437,197.317,32.024,7.226,6.403,204.202,69.058,15.581,6.626,23.839,8.401,1.896,0.774,972.761,19.848,4.478,31.566,209.231,70.698,15.952,6.79,0.018,0.006,0.001,0.001,2.597,0.878,0.198,0.084,Asia,High-Income
India,1997,1002335232.0,2403114156032.0,,469.154,15.173,,,,3252.01,,,,,1755.363,325.827,69.45,53.978,386.895,3009.745,82.467,92.55,214.526,40.179,8.564,6.597,207.613,70.211,14.965,6.384,28.579,10.072,2.147,0.879,1039.856,20.889,4.452,31.976,213.686,72.187,15.387,6.571,0.018,0.006,0.001,0.001,2.922,0.988,0.211,0.09,Asia,High-Income
India,1998,1021434560.0,2541494206464.0,,505.078,15.493,,,,3449.497,,,,,1813.659,336.484,66.62,52.578,407.697,3162.595,80.72,91.683,235.429,50.175,9.934,6.825,247.301,83.633,16.558,7.169,32.266,11.371,2.251,0.935,1113.507,21.038,4.165,32.28,254.636,86.01,17.029,7.382,0.018,0.006,0.001,0.001,3.191,1.079,0.214,0.092,Asia,High-Income
India,1999,1040500032.0,2681321029632.0,,547.362,16.297,,,,3549.489,0.0,,,0.0,1796.674,365.436,66.763,50.618,449.247,3260.487,82.075,91.858,241.234,59.009,10.781,6.796,243.211,82.249,15.027,6.852,36.116,12.728,2.325,1.017,1222.579,24.802,4.531,34.444,252.887,85.388,15.6,7.125,0.018,0.006,0.001,0.001,4.276,1.446,0.264,0.12,Asia,High-Income
India,2000,1059633664.0,2773211152384.0,572.74,571.39,16.132,648.016,370.27,1.35,3728.514,0.0,1.69,0.296,0.0,1911.166,390.23,68.295,51.258,475.35,3446.03,83.192,92.424,253.627,55.96,9.794,6.802,227.66,76.99,13.474,6.106,44.743,15.77,2.76,1.2,1281.237,29.16,5.103,34.363,237.741,80.27,14.048,6.376,0.021,0.01,0.002,0.001,4.678,1.58,0.277,0.125,Asia,High-Income
India,2001,1078970880.0,2906877853696.0,587.36,586.09,16.457,654.2,383.42,1.27,3743.853,0.0,2.07,0.353,0.0,1926.953,408.29,69.663,51.47,491.01,3466.253,83.777,92.585,254.277,55.93,9.543,6.792,211.588,72.02,12.288,5.652,53.248,18.89,3.223,1.422,1285.022,26.79,4.571,34.324,224.351,76.19,13.0,5.993,0.033,0.01,0.002,0.001,6.125,2.09,0.357,0.164,Asia,High-Income
India,2002,1098313088.0,2989575634944.0,610.99,609.64,16.518,660.439,402.63,1.35,3865.751,8.552,2.14,0.351,0.221,2012.79,426.7,69.992,52.067,517.51,3589.969,84.888,92.866,265.544,62.88,10.314,6.869,200.071,68.54,11.243,5.175,54.205,19.35,3.174,1.402,1311.634,27.93,4.581,33.93,221.578,72.78,11.938,5.732,0.038,0.01,0.002,0.001,6.086,2.09,0.343,0.157,Asia,High-Income
India,2003,1117415168.0,3212953780224.0,639.82,638.13,16.665,661.26,421.97,1.69,4004.078,7.965,2.71,0.425,0.199,2107.983,441.47,69.182,52.646,545.36,3728.399,85.462,93.115,284.269,72.8,11.408,7.099,200.968,69.3,10.86,5.019,50.487,18.14,2.843,1.261,1336.147,31.09,4.872,33.37,225.192,74.63,11.695,5.624,0.047,0.02,0.003,0.001,7.553,2.6,0.407,0.189,Asia,High-Income
India,2004,1136264576.0,3454210932736.0,700.02,698.32,17.017,630.771,440.48,1.7,4347.582,8.678,3.31,0.474,0.2,2243.529,463.01,66.303,51.604,567.86,3964.438,81.318,91.187,306.691,76.58,10.966,7.054,289.998,100.64,14.412,6.67,58.778,21.26,3.044,1.352,1414.218,28.27,4.048,32.529,324.367,109.2,15.638,7.461,0.052,0.02,0.003,0.001,15.058,5.23,0.749,0.346,Asia,High-Income
India,2005,1154638720.0,3709371154432.0,706.07,704.52,16.118,639.641,450.64,1.55,4603.61,8.346,4.04,0.573,0.181,2456.113,478.48,67.916,53.352,579.32,4237.514,82.229,92.048,343.256,75.47,10.712,7.456,278.954,97.42,13.828,6.059,48.709,17.73,2.517,1.058,1438.144,25.37,3.601,31.239,317.387,107.47,15.254,6.894,0.052,0.02,0.003,0.001,17.155,5.99,0.85,0.373,Asia,High-Income
India,2006,1172373760.0,4024058511360.0,747.17,744.43,16.247,629.663,468.74,2.74,4849.72,8.865,5.59,0.751,0.183,2549.865,505.46,67.899,52.578,599.24,4427.847,80.496,91.301,358.772,74.7,10.035,7.398,320.442,112.62,15.128,6.607,48.142,17.63,2.368,0.993,1519.21,19.08,2.563,31.326,373.731,127.56,17.135,7.706,0.02,0.01,0.001,0.0,26.568,9.34,1.255,0.548,Asia,High-Income
India,2007,1189691776.0,4355554279424.0,801.2,796.26,16.019,622.573,495.73,4.94,5263.111,9.915,7.4,0.929,0.188,2790.272,533.27,66.972,53.016,636.68,4801.275,79.959,91.225,388.103,90.05,11.309,7.374,346.703,122.61,15.398,6.587,48.384,17.83,2.239,0.919,1622.901,13.36,1.678,30.835,413.451,141.75,17.802,7.856,0.167,0.06,0.008,0.003,33.035,11.68,1.467,0.628,Asia,High-Income
India,2008,1206734848.0,4601841975296.0,833.92,828.41,15.66,637.329,527.97,5.51,5570.697,10.363,9.3,1.123,0.186,3020.762,573.12,69.183,54.226,674.27,5125.357,81.393,92.006,399.877,85.88,10.367,7.178,323.632,115.17,13.903,5.81,41.07,15.23,1.838,0.737,1704.719,15.27,1.843,30.602,404.269,138.91,16.768,7.257,0.177,0.06,0.007,0.003,40.404,14.38,1.736,0.725,Asia,High-Income
India,2009,1223640192.0,4945730863104.0,885.01,879.71,15.399,644.553,567.02,5.3,5986.512,8.839,11.64,1.323,0.148,3268.266,611.11,69.467,54.594,728.56,5552.823,82.818,92.756,491.081,104.37,11.864,8.203,296.971,106.34,12.088,4.961,45.065,16.82,1.912,0.753,1793.477,13.08,1.487,29.959,388.624,134.33,15.27,6.492,0.209,0.08,0.009,0.003,45.44,16.27,1.849,0.759,Asia,High-Income
India,2010,1240613632.0,5314516615168.0,943.02,937.47,15.763,638.975,599.02,5.55,6244.97,10.984,14.3,1.525,0.176,3348.546,642.97,68.586,53.62,771.78,5770.731,82.326,92.406,589.616,118.03,12.59,9.441,301.828,108.74,11.599,4.833,61.478,23.08,2.462,0.984,1832.569,10.78,1.15,29.345,412.761,142.61,15.212,6.609,0.314,0.11,0.012,0.005,54.003,19.46,2.076,0.865,Asia,High-Income
India,2011,1257621248.0,5675666636800.0,1039.12,1034.0,16.623,625.696,646.97,5.12,6586.134,12.503,17.14,1.658,0.19,3478.864,701.25,67.819,52.821,828.16,6001.939,80.093,91.13,602.859,117.56,11.369,9.153,363.327,131.7,12.737,5.517,85.302,32.22,3.116,1.295,1920.216,9.35,0.904,29.155,498.893,173.62,16.791,7.575,2.281,0.83,0.08,0.035,66.076,23.95,2.316,1.003,Asia,High-Income
India,2012,1274487168.0,5949387964416.0,1096.48,1091.84,16.564,648.291,707.83,4.64,6942.567,12.08,19.94,1.826,0.174,3787.818,787.13,72.092,54.559,893.45,6381.226,81.83,91.915,556.991,96.25,8.815,8.023,317.451,115.78,10.604,4.573,87.196,33.14,3.035,1.256,2036.417,10.07,0.922,29.332,474.145,165.25,15.135,6.83,5.755,2.1,0.192,0.083,75.218,27.43,2.512,1.083,Asia,High-Income
India,2013,1291132032.0,6320315957248.0,1150.09,1146.14,16.894,649.589,744.52,3.95,7172.946,12.049,22.48,1.961,0.168,4009.729,847.97,73.985,55.901,924.93,6551.184,80.7,91.332,490.193,66.31,5.786,6.834,359.709,131.98,11.515,5.015,87.111,33.31,2.906,1.214,2051.262,10.65,0.929,28.597,534.651,187.9,16.394,7.454,9.356,3.43,0.299,0.13,81.783,30.01,2.618,1.14,Asia,High-Income
India,2014,1307246464.0,6754740994048.0,1262.79,1262.22,17.424,656.336,828.44,0.57,7656.914,13.585,24.68,1.955,0.177,4401.073,949.93,75.259,57.478,1025.49,6993.901,81.245,91.341,485.016,64.01,5.071,6.334,376.555,139.0,11.012,4.918,90.17,34.69,2.748,1.178,2107.813,11.55,0.915,27.528,572.842,202.04,16.007,7.481,13.299,4.91,0.389,0.174,90.633,33.45,2.65,1.184,Asia,High-Income
India,2015,1322866560.0,7259602550784.0,1322.19,1322.1,17.622,661.803,874.97,0.09,7922.428,14.424,30.62,2.316,0.182,4490.47,1006.55,76.133,56.68,1080.58,7246.493,81.732,91.468,478.068,64.77,4.899,6.034,358.926,133.28,10.081,4.531,98.993,38.31,2.898,1.25,2277.954,9.26,0.7,28.753,576.942,203.21,15.37,7.282,17.683,6.57,0.497,0.223,88.172,32.74,2.476,1.113,Asia,High-Income
India,2016,1338636288.0,7767449403392.0,1400.65,1401.74,17.841,665.452,932.79,-1.09,8278.461,17.313,24.82,1.771,0.209,4587.692,1073.6,76.591,55.417,1155.63,7593.63,82.443,91.728,507.91,72.62,5.181,6.135,343.682,128.38,9.159,4.152,97.354,37.9,2.704,1.176,2498.029,9.41,0.671,30.175,587.477,208.21,14.854,7.096,30.936,11.56,0.825,0.374,116.325,43.45,3.1,1.405,Asia,High-Income
India,2017,1354195712.0,8275647004672.0,1469.2,1471.33,18.092,658.214,968.45,-2.13,8594.206,15.231,24.91,1.693,0.177,4737.157,1115.24,75.798,55.12,1199.02,7845.052,81.492,91.283,535.999,74.99,5.097,6.237,361.465,135.82,9.231,4.206,95.548,37.41,2.543,1.112,2571.897,8.79,0.597,29.926,653.606,234.9,15.965,7.605,57.336,21.54,1.464,0.667,140.062,52.63,3.577,1.63,Asia,High-Income
India,2018,1369003264.0,8835757506560.0,1575.08,1579.18,18.421,655.372,1034.95,-4.1,9081.509,20.401,27.22,1.724,0.225,4981.602,1198.86,75.917,54.854,1276.52,8249.621,80.834,90.84,579.963,71.26,4.512,6.386,369.748,139.75,8.85,4.071,99.143,39.05,2.473,1.092,2688.057,6.4,0.405,29.599,732.744,263.61,16.693,8.069,96.123,36.33,2.301,1.058,159.567,60.31,3.819,1.757,Asia,High-Income
India,2019,1383112064.0,,1618.96,1622.1,18.584,638.056,1034.99,-3.14,9310.841,22.753,31.51,1.943,0.244,4989.023,1198.76,73.902,53.583,1273.78,8357.201,78.527,89.758,592.498,71.95,4.436,6.364,427.202,162.07,9.991,4.588,114.238,45.16,2.784,1.227,2775.68,3.07,0.189,29.811,839.401,303.16,18.689,9.015,121.96,46.27,2.852,1.31,166.895,63.31,3.903,1.792,Asia,High-Income
India,2020,1396387072.0,,1581.83,1581.94,19.242,627.217,992.22,-0.11,8821.111,22.518,32.86,2.077,0.255,4714.672,1143.78,72.302,53.448,1221.66,7838.526,77.225,88.861,603.601,74.79,4.728,6.843,429.933,163.7,10.348,4.874,112.433,44.61,2.82,1.275,2520.253,3.09,0.195,28.571,870.152,315.67,19.955,9.864,154.12,58.68,3.709,1.747,158.7,60.43,3.82,1.799,Asia,High-Income
India,2021,1407563904.0,,1712.88,1714.76,19.142,637.605,1093.34,-1.88,9584.976,31.505,36.76,2.144,0.329,5359.929,1274.13,74.304,55.92,1337.35,8549.395,77.991,89.196,620.864,59.84,3.49,6.477,419.539,160.33,9.35,4.377,110.276,43.92,2.561,1.151,2568.601,3.38,0.197,26.798,925.305,333.49,19.448,9.654,178.734,68.31,3.984,1.865,178.181,68.09,3.971,1.859,Asia,High-Income
India,2022,1417173120.0,,1855.66,1857.98,19.728,633.398,1176.84,-2.32,10123.443,36.198,40.74,2.193,0.358,5581.429,1380.1,74.28,55.134,1430.92,8954.851,77.015,88.457,581.839,47.04,2.532,5.747,456.052,174.92,9.415,4.505,115.57,46.19,2.486,1.142,2791.583,3.78,0.203,27.575,1053.022,380.87,20.499,10.402,248.09,95.16,5.122,2.451,182.617,70.05,3.77,1.804,Asia,High-Income
United Kingdom,1991,57359452.0,1487460892672.0,337.75,321.34,13.272,,,16.41,2561.217,,0.69,0.215,,756.59,209.53,65.205,29.54,245.48,2345.415,76.393,91.574,592.769,5.82,1.811,23.144,13.412,4.62,1.438,0.524,200.167,70.54,21.952,7.815,996.056,30.13,9.376,38.89,15.635,5.32,1.656,0.61,0.0,0.0,0.0,0.0,0.027,0.01,0.003,0.001,Europe,High-Income
United Kingdom,1992,57509240.0,1491383222272.0,336.03,319.34,13.352,,,16.69,2545.327,,0.93,0.291,,711.384,192.62,60.318,27.949,236.13,2308.487,73.943,90.695,589.92,12.58,3.939,23.177,15.819,5.43,1.7,0.622,217.941,76.81,24.053,8.562,1007.183,30.93,9.686,39.57,18.899,6.4,2.004,0.742,0.0,0.0,0.0,0.0,0.098,0.04,0.013,0.004,Europe,High-Income
United Kingdom,1993,57647464.0,1527375331328.0,338.39,321.67,13.408,,,16.72,2574.725,,1.2,0.373,,619.484,169.78,52.781,24.06,226.6,2303.994,70.445,89.485,672.272,34.04,10.582,26.11,12.724,4.3,1.337,0.494,253.54,89.35,27.777,9.847,1012.239,22.78,7.082,39.314,17.19,5.72,1.778,0.668,0.0,0.0,0.0,0.0,0.642,0.22,0.068,0.025,Europe,High-Income
United Kingdom,1994,57785900.0,1585210327040.0,341.91,325.02,13.728,,,16.89,2543.823,,1.52,0.468,,578.406,160.03,49.237,22.738,229.79,2272.325,70.7,89.327,692.253,53.26,16.387,27.213,15.132,5.09,1.566,0.595,250.501,88.28,27.161,9.847,1001.667,16.5,5.077,39.376,20.996,6.95,2.138,0.825,0.0,0.0,0.0,0.0,1.017,0.34,0.105,0.04,Europe,High-Income
United Kingdom,1995,57930364.0,1623418994688.0,348.79,332.48,13.995,,,16.31,2552.545,,1.64,0.493,,551.913,153.84,46.27,21.622,236.65,2279.953,71.177,89.321,738.086,63.74,19.171,28.916,13.756,4.84,1.456,0.539,252.437,88.96,26.756,9.89,989.954,19.07,5.736,38.783,20.155,6.87,2.066,0.79,0.0,0.0,0.0,0.0,1.159,0.39,0.117,0.045,Europe,High-Income
United Kingdom,1996,58078584.0,1663252430848.0,366.07,349.32,14.025,,,16.75,2676.295,,1.8,0.515,,515.977,145.22,41.572,19.28,248.97,2390.419,71.273,89.318,859.841,84.09,24.072,32.128,10.042,3.39,0.97,0.375,268.63,94.67,27.101,10.037,1014.602,19.66,5.628,37.911,17.245,5.68,1.626,0.644,0.0,0.0,0.0,0.0,1.443,0.49,0.14,0.054,Europe,High-Income
United Kingdom,1997,58250192.0,1713664294912.0,365.76,349.19,14.341,,,16.57,2629.999,,2.11,0.604,,460.176,119.72,34.285,17.497,244.09,2329.802,69.902,88.586,884.182,110.96,31.776,33.619,12.999,4.17,1.194,0.494,278.491,98.15,28.108,10.589,985.443,13.41,3.84,37.469,21.707,6.95,1.99,0.825,0.0,0.0,0.0,0.0,1.972,0.67,0.192,0.075,Europe,High-Income
United Kingdom,1998,58438320.0,1766690914304.0,373.79,361.08,14.729,,,12.71,2651.819,,2.65,0.734,,448.691,122.97,34.056,16.92,252.94,2343.327,70.051,88.367,919.405,117.8,32.624,34.671,15.133,5.12,1.418,0.571,282.293,99.49,27.553,10.645,975.231,12.17,3.37,36.776,26.199,8.65,2.396,0.988,0.0,0.0,0.0,0.0,2.593,0.88,0.244,0.098,Europe,High-Income
United Kingdom,1999,58635204.0,1822988828672.0,379.49,365.25,14.937,,,14.24,2639.632,,3.43,0.939,,398.917,106.18,29.07,15.113,260.5,2340.451,71.321,88.666,978.877,142.9,39.124,37.084,15.777,5.34,1.462,0.598,269.941,95.13,26.045,10.226,962.657,11.42,3.127,36.469,29.24,9.62,2.634,1.108,0.003,0.0,0.0,0.0,2.513,0.85,0.233,0.095,Europe,High-Income
United Kingdom,2000,58850044.0,1889457799168.0,391.23,377.06,15.156,484.803,182.8,14.17,2664.474,,3.88,1.029,,427.148,119.95,31.812,16.031,282.09,2392.876,74.813,89.807,1013.417,148.08,39.272,38.034,15.038,5.09,1.35,0.564,241.367,85.06,22.559,9.059,952.312,14.06,3.729,35.741,30.23,9.91,2.628,1.135,0.003,0.0,0.0,0.0,2.797,0.94,0.249,0.105,Europe,High-Income
United Kingdom,2001,59092016.0,1939162398720.0,395.17,384.77,15.338,488.11,187.81,10.4,2692.175,,4.53,1.177,,452.545,131.46,34.166,16.81,285.14,2408.995,74.107,89.481,1008.532,141.91,36.882,37.462,11.912,4.05,1.053,0.442,253.979,90.09,23.414,9.434,947.918,11.77,3.059,35.21,29.2,9.54,2.479,1.085,0.006,0.0,0.0,0.0,2.835,0.96,0.249,0.105,Europe,High-Income
United Kingdom,2002,59355688.0,1983811813376.0,395.65,387.24,15.803,483.085,187.07,8.41,2631.41,0.018,5.08,1.312,0.001,415.308,124.28,32.094,15.783,288.27,2351.462,74.442,89.361,995.341,152.28,39.324,37.825,13.974,4.79,1.237,0.531,246.055,87.85,22.686,9.351,940.813,11.71,3.024,35.753,33.892,11.12,2.872,1.288,0.009,0.0,0.0,0.0,3.675,1.25,0.323,0.14,Europe,High-Income
United Kingdom,2003,59649800.0,2050645557248.0,400.37,398.21,15.998,494.965,197.1,2.16,2669.371,0.19,6.17,1.549,0.007,443.148,138.46,34.771,16.601,298.83,2389.559,75.043,89.518,998.092,148.88,37.387,37.391,9.361,3.23,0.811,0.351,246.809,88.69,22.272,9.246,948.319,11.49,2.885,35.526,33.002,10.69,2.685,1.236,0.009,0.0,0.0,0.0,3.735,1.29,0.324,0.14,Europe,High-Income
United Kingdom,2004,59995852.0,2100502593536.0,401.41,393.92,15.625,496.217,195.47,7.49,2691.21,0.172,7.36,1.868,0.006,432.506,131.79,33.456,16.071,299.78,2426.757,76.102,90.173,1019.879,157.06,39.871,37.897,13.96,4.84,1.229,0.519,221.215,80.0,20.309,8.22,974.372,10.93,2.775,36.206,43.238,14.14,3.59,1.607,0.012,0.0,0.0,0.0,5.588,1.94,0.492,0.208,Europe,High-Income
United Kingdom,2005,60383740.0,2160945659904.0,406.67,398.35,15.706,494.967,197.17,8.32,2713.482,0.81,9.1,2.284,0.03,440.463,134.64,33.799,16.232,299.8,2436.895,75.26,89.807,993.866,152.64,38.318,36.627,14.096,4.92,1.235,0.519,224.264,81.62,20.49,8.265,1002.566,12.52,3.143,36.948,52.324,16.93,4.25,1.928,0.023,0.01,0.003,0.001,8.338,2.9,0.728,0.307,Europe,High-Income
United Kingdom,2006,60803700.0,2212969054208.0,404.79,397.27,15.817,513.756,204.1,7.52,2678.878,2.063,9.28,2.336,0.077,480.989,148.85,37.468,17.955,303.72,2416.033,76.452,90.188,942.602,140.83,35.449,35.186,13.07,4.59,1.155,0.488,206.013,75.45,18.992,7.69,992.442,14.04,3.534,37.047,56.832,18.1,4.556,2.121,0.031,0.01,0.003,0.001,12.053,4.22,1.062,0.45,Europe,High-Income
United Kingdom,2007,61260680.0,2267379924992.0,402.02,396.81,16.149,515.234,204.45,5.21,2604.628,4.026,9.32,2.349,0.155,452.891,135.94,34.258,17.388,314.1,2370.508,79.156,91.011,953.005,165.79,41.781,36.589,14.357,5.08,1.28,0.551,171.019,63.03,15.884,6.566,964.612,12.37,3.117,37.035,63.1,19.68,4.96,2.423,0.04,0.01,0.003,0.002,14.912,5.27,1.328,0.573,Europe,High-Income
United Kingdom,2008,61742152.0,2251038392320.0,399.98,388.96,16.026,517.123,201.14,11.02,2559.33,9.24,9.65,2.481,0.361,420.333,124.38,31.978,16.424,314.53,2343.32,80.864,91.56,978.325,176.22,45.305,38.226,14.447,5.14,1.321,0.564,141.529,52.49,13.495,5.53,944.661,13.93,3.581,36.91,74.481,21.94,5.641,2.91,0.048,0.02,0.005,0.002,19.944,7.13,1.833,0.779,Europe,High-Income
United Kingdom,2009,62243384.0,2151646494720.0,379.62,376.76,16.638,474.095,178.62,2.86,2430.017,11.453,10.71,2.843,0.471,346.695,103.04,27.349,14.267,282.42,2158.611,74.96,88.831,912.237,166.5,44.193,37.54,14.6,5.23,1.388,0.601,185.173,69.1,18.341,7.62,899.679,12.88,3.419,37.024,86.232,25.24,6.699,3.549,0.056,0.02,0.005,0.002,25.919,9.28,2.463,1.067,Europe,High-Income
United Kingdom,2010,62760048.0,2190775025664.0,384.72,382.06,16.422,485.29,185.41,2.66,2481.533,13.316,12.26,3.209,0.537,354.809,107.59,28.16,14.298,293.74,2224.938,76.883,89.66,984.928,175.65,45.974,39.69,9.968,3.59,0.94,0.402,165.505,62.14,16.264,6.669,885.2,10.5,2.748,35.672,91.09,26.18,6.852,3.671,0.112,0.04,0.01,0.005,28.549,10.29,2.693,1.15,Europe,High-Income
United Kingdom,2011,63286360.0,2221719158784.0,374.19,367.97,17.03,465.065,171.13,6.22,2342.043,12.327,13.31,3.617,0.526,357.704,108.44,29.47,15.273,263.79,2044.2,71.688,87.283,819.185,146.5,39.813,34.977,15.702,5.69,1.546,0.67,182.605,68.98,18.746,7.797,867.311,8.85,2.405,37.032,115.238,35.2,9.566,4.92,0.672,0.24,0.065,0.029,44.036,15.96,4.337,1.88,Europe,High-Income
United Kingdom,2012,63808728.0,2250912301056.0,375.73,363.87,16.643,487.234,177.29,11.86,2379.613,10.365,14.74,4.051,0.436,451.254,142.79,39.242,18.963,252.22,2064.266,69.316,86.748,768.987,100.17,27.529,32.316,14.557,5.31,1.459,0.612,185.246,70.41,19.35,7.785,844.025,9.26,2.545,35.469,130.1,41.24,11.334,5.467,3.712,1.35,0.371,0.156,54.42,19.84,5.452,2.287,Europe,High-Income
United Kingdom,2013,64302296.0,2293924888576.0,372.71,358.28,16.608,460.952,165.15,14.43,2371.596,11.848,18.1,5.052,0.5,434.925,130.26,36.357,18.339,234.46,2021.609,65.44,85.243,763.258,95.84,26.75,32.183,12.814,4.7,1.312,0.54,184.658,70.61,19.708,7.786,823.427,8.36,2.333,34.72,165.329,53.21,14.852,6.971,5.479,2.01,0.561,0.231,77.394,28.4,7.927,3.263,Europe,High-Income
United Kingdom,2014,64773504.0,2363952726016.0,358.6,338.08,16.762,427.029,144.37,20.52,2240.112,13.535,22.62,6.691,0.604,351.194,100.24,29.65,15.678,209.82,1875.129,62.062,83.707,700.555,100.89,29.842,31.273,15.951,5.89,1.742,0.712,165.722,63.75,18.856,7.398,823.38,8.69,2.57,36.756,199.261,64.51,19.081,8.895,10.983,4.05,1.198,0.49,86.581,31.95,9.45,3.865,Europe,High-Income
United Kingdom,2015,65224368.0,2415783051264.0,359.98,338.87,16.872,372.621,126.27,21.11,2275.699,10.819,29.26,8.635,0.475,277.323,75.88,22.392,12.186,185.17,1843.994,54.643,81.03,720.455,99.88,29.474,31.659,16.958,6.3,1.859,0.745,181.783,70.34,20.757,7.988,846.217,9.41,2.777,37.185,249.922,83.36,24.599,10.982,20.286,7.53,2.222,0.891,108.459,40.27,11.884,4.766,Europe,High-Income
United Kingdom,2016,65655204.0,2460057337856.0,356.93,339.18,17.091,328.881,111.55,17.75,2251.756,10.963,30.07,8.865,0.487,141.172,30.67,9.042,6.269,184.44,1818.846,54.378,80.775,806.736,143.13,42.199,35.827,14.377,5.37,1.583,0.638,184.255,71.73,21.148,8.183,870.937,10.64,3.137,38.678,248.655,83.01,24.474,11.043,27.862,10.41,3.069,1.237,99.477,37.16,10.956,4.418,Europe,High-Income
United Kingdom,2017,66064808.0,2506603626496.0,352.98,338.22,17.236,300.692,101.7,14.76,2252.731,10.827,31.9,9.432,0.481,114.227,22.53,6.661,5.071,168.99,1782.203,49.965,79.113,785.491,136.75,40.432,34.868,15.653,5.88,1.739,0.695,179.622,70.34,20.797,7.974,882.485,9.71,2.871,39.174,290.906,98.89,29.238,12.913,30.491,11.46,3.388,1.354,132.11,49.65,14.68,5.864,Europe,High-Income
United Kingdom,2018,66432996.0,2540210225152.0,351.84,332.73,17.122,285.427,94.97,19.11,2243.542,14.917,34.98,10.513,0.665,96.786,16.83,5.058,4.314,157.66,1753.308,47.384,78.149,785.66,131.49,39.519,35.019,14.401,5.44,1.635,0.642,165.186,65.06,19.553,7.363,870.861,9.34,2.807,38.816,325.048,110.01,33.063,14.488,33.517,12.67,3.808,1.494,150.562,56.91,17.104,6.711,Europe,High-Income
United Kingdom,2019,66778660.0,,345.06,323.89,17.099,270.153,87.5,21.17,2196.601,19.071,37.4,11.547,0.868,69.043,6.92,2.137,3.143,148.11,1699.401,45.728,77.365,776.783,131.99,40.751,35.363,15.639,5.93,1.831,0.712,142.116,56.18,17.345,6.47,853.575,9.2,2.84,38.859,355.085,119.6,36.926,16.165,32.734,12.42,3.835,1.49,168.267,63.84,19.71,7.66,Europe,High-Income
United Kingdom,2020,67059472.0,,329.68,312.02,18.851,248.67,77.59,17.66,1973.261,18.022,39.36,12.615,0.913,63.383,5.49,1.76,3.212,127.24,1452.387,40.779,73.603,731.345,111.42,35.709,37.063,18.029,6.86,2.199,0.914,126.71,50.28,16.114,6.421,657.659,10.33,3.311,33.329,394.164,134.5,43.106,19.975,33.886,12.9,4.134,1.717,198.587,75.38,24.159,10.064,Europe,High-Income
United Kingdom,2021,67281040.0,,332.82,308.65,18.055,273.611,84.45,24.17,1999.378,16.003,39.88,12.921,0.8,65.807,6.51,2.109,3.291,140.57,1525.459,45.543,76.297,778.266,123.17,39.906,38.925,14.381,5.5,1.782,0.719,115.263,45.9,14.871,5.765,681.386,10.89,3.528,34.08,358.656,122.18,39.585,17.938,31.761,12.14,3.933,1.589,169.2,64.66,20.949,8.463,Europe,High-Income
United Kingdom,2022,67508936.0,,320.76,326.09,18.927,261.155,85.16,-5.33,2031.876,20.605,35.45,10.871,1.014,58.722,5.57,1.708,2.89,143.42,1519.567,43.982,74.786,719.801,125.3,38.425,35.425,13.859,5.32,1.631,0.682,119.393,47.72,14.634,5.876,741.043,12.55,3.849,36.471,392.916,134.95,41.384,19.338,36.293,13.92,4.269,1.786,208.993,80.26,24.613,10.286,Europe,High-Income
United States,1991,251560192.0,9243499429888.0,,3270.724,15.804,,,,22576.309,19.389,,,0.086,5287.613,1722.536,52.665,23.421,2261.573,19680.094,69.146,87.171,5283.972,410.272,12.544,23.405,849.62,287.326,8.785,3.763,1829.645,644.805,19.714,8.104,9108.509,128.765,3.937,40.345,1066.569,351.337,10.742,4.724,1.414,0.478,0.015,0.006,8.814,2.981,0.091,0.039,North America,High-Income
United States,1992,255175328.0,9572148314112.0,,3284.39,15.582,,,,22909.344,22.045,,,0.096,5324.031,1757.501,53.511,23.24,2299.683,20084.928,70.019,87.671,5463.509,434.489,13.229,23.848,743.463,251.426,7.655,3.245,1848.197,651.343,19.831,8.067,9297.387,107.693,3.279,40.583,976.22,319.567,9.73,4.261,1.209,0.409,0.012,0.005,8.625,2.917,0.089,0.038,North America,High-Income
United States,1993,258779760.0,9834941382656.0,,3404.678,15.824,,,,23390.023,25.759,,,0.11,5522.452,1831.211,53.785,23.61,2398.646,20497.916,70.451,87.635,5599.419,446.158,13.104,23.939,825.742,279.251,8.202,3.53,1822.853,642.412,18.869,7.793,9376.045,121.278,3.562,40.086,1069.254,349.687,10.271,4.571,1.405,0.475,0.014,0.006,8.978,3.036,0.089,0.038,North America,High-Income
United States,1994,262273584.0,10232022433792.0,,3458.526,15.773,,,,23820.387,28.846,,,0.121,5543.144,1832.272,52.978,23.271,2441.003,20893.971,70.579,87.715,5731.081,494.859,14.308,24.06,766.87,259.341,7.499,3.219,1912.903,674.147,19.492,8.031,9619.746,113.872,3.293,40.385,1013.514,329.68,9.532,4.255,1.484,0.502,0.015,0.006,10.296,3.482,0.101,0.043,North America,High-Income
United States,1995,265660560.0,10510263123968.0,,3567.331,16.005,,,,24340.916,30.942,,,0.127,5593.053,1853.007,51.944,22.978,2466.568,21170.41,69.143,86.975,5979.829,533.396,14.952,24.567,920.274,311.22,8.724,3.781,2011.356,708.844,19.87,8.263,9597.527,80.166,2.247,39.43,1159.149,378.196,10.602,4.762,1.521,0.514,0.014,0.006,9.451,3.196,0.09,0.039,North America,High-Income
United States,1996,268984352.0,10909166600192.0,,3663.386,15.906,,,,25161.398,22.194,,,0.088,5847.301,1945.754,53.114,23.239,2522.6,21883.338,68.86,86.972,6088.898,489.307,13.357,24.199,1027.7,347.549,9.487,4.084,2015.318,710.241,19.388,8.01,9947.139,87.539,2.39,39.533,1262.743,416.184,11.361,5.019,1.601,0.541,0.015,0.006,9.66,3.267,0.089,0.038,North America,High-Income
United States,1997,272395424.0,11398757220352.0,,3716.377,15.956,,,,25350.254,28.104,,,0.111,5970.778,1998.243,53.769,23.553,2613.247,22175.863,70.317,87.478,6125.315,515.482,13.871,24.163,1052.609,355.973,9.578,4.152,1877.671,661.731,17.806,7.407,10079.769,99.521,2.678,39.762,1296.722,425.647,11.453,5.115,1.575,0.533,0.014,0.006,9.821,3.321,0.089,0.039,North America,High-Income
United States,1998,275835008.0,11906028929024.0,,3855.808,16.454,,,,25512.498,31.054,,,0.122,6029.338,2029.041,52.623,23.633,2738.78,22302.24,71.03,87.417,6021.791,571.244,14.815,23.603,952.414,322.089,8.353,3.733,2012.252,709.16,18.392,7.887,10251.111,138.495,3.592,40.181,1198.005,391.287,10.148,4.696,1.551,0.525,0.014,0.006,9.037,3.056,0.079,0.035,North America,High-Income
United States,1999,279181568.0,12463818932224.0,,3936.098,16.547,,,,25965.105,32.287,,,0.124,6020.095,2037.863,51.774,23.185,2763.086,22599.816,70.199,87.039,6042.628,598.275,15.2,23.272,936.198,316.605,8.044,3.606,2175.191,766.583,19.476,8.377,10537.092,126.947,3.225,40.582,1190.098,388.135,9.861,4.583,1.533,0.518,0.013,0.006,13.405,4.533,0.115,0.052,North America,High-Income
United States,2000,282398560.0,12973842104320.0,3835.86,3802.1,15.604,532.606,2025.02,33.76,26545.426,37.003,60.73,1.597,0.139,6286.536,1966.27,51.715,23.682,2697.28,23224.576,70.942,87.49,6283.907,614.99,16.175,23.672,806.552,270.03,7.102,3.038,2251.771,753.89,19.828,8.483,10654.134,116.02,3.051,40.135,1069.079,350.93,9.23,4.027,1.533,0.49,0.013,0.006,16.706,5.59,0.147,0.063,North America,High-Income
United States,2001,285470496.0,13100471287808.0,3749.6,3727.57,15.64,535.381,1995.67,22.03,25912.779,39.312,49.75,1.335,0.152,6101.315,1903.96,51.078,23.546,2678.68,22744.744,71.861,87.774,6006.58,639.13,17.146,23.18,617.641,208.14,5.584,2.384,2281.463,768.83,20.626,8.804,10636.849,135.59,3.637,41.049,886.572,280.06,7.513,3.421,1.687,0.54,0.014,0.007,19.993,6.74,0.181,0.077,North America,High-Income
United States,2002,288350240.0,13334491430912.0,3865.21,3844.23,15.948,526.745,2024.93,20.98,26297.848,46.962,53.71,1.397,0.179,6098.454,1933.13,50.287,23.19,2727.83,22941.979,70.959,87.239,6201.112,691.01,17.975,23.58,753.548,255.59,6.649,2.865,2299.877,780.06,20.292,8.745,10642.413,103.69,2.697,40.469,1055.992,336.34,8.749,4.016,1.756,0.55,0.014,0.007,30.528,10.35,0.269,0.116,North America,High-Income
United States,2003,291109824.0,13708808945664.0,3875.36,3868.94,15.976,531.988,2058.23,6.42,26380.113,63.713,53.34,1.379,0.242,6214.537,1973.74,51.015,23.558,2756.03,23040.119,71.235,87.339,6021.9,649.91,16.798,22.827,782.949,267.27,6.908,2.968,2237.292,763.73,19.74,8.481,10803.683,132.38,3.422,40.954,1102.699,349.18,9.025,4.18,1.771,0.53,0.014,0.007,32.773,11.19,0.289,0.124,North America,High-Income
United States,2004,293947872.0,14227881328640.0,3963.26,3951.95,15.991,528.833,2089.92,11.31,26897.549,80.427,53.54,1.355,0.299,6254.982,1978.3,50.059,23.255,2818.28,23499.125,71.314,87.365,6046.277,710.1,17.968,22.479,756.591,259.93,6.577,2.813,2295.216,788.53,19.953,8.533,11197.866,129.88,3.286,41.632,1103.206,345.14,8.733,4.102,2.012,0.58,0.015,0.007,41.169,14.14,0.358,0.153,North America,High-Income
United States,2005,296842656.0,14703731408896.0,4059.77,4034.99,16.308,530.549,2140.76,24.78,26910.133,93.975,54.28,1.345,0.349,6346.957,2012.87,49.885,23.586,2899.96,23512.965,71.87,87.376,5951.93,760.96,18.859,22.118,762.893,263.76,6.537,2.835,2261.768,781.99,19.38,8.405,11214.078,126.13,3.126,41.672,1135.401,353.04,8.749,4.219,2.144,0.55,0.014,0.008,51.514,17.81,0.441,0.191,North America,High-Income
United States,2006,299753088.0,15095884152832.0,4065.36,4046.94,16.527,521.925,2112.2,18.42,26698.119,131.7,54.86,1.356,0.493,6249.683,1990.51,49.186,23.409,2878.56,23186.369,71.129,86.846,5865.778,816.44,20.174,21.971,812.488,282.69,6.985,3.043,2262.581,787.22,19.452,8.475,11070.909,71.61,1.769,41.467,1249.168,381.16,9.418,4.679,2.346,0.51,0.013,0.009,76.421,26.59,0.657,0.286,North America,High-Income
United States,2007,302743392.0,15364464312320.0,4173.82,4142.57,16.638,524.969,2174.72,31.25,27063.787,166.344,55.54,1.341,0.615,6333.85,2016.46,48.677,23.403,2988.24,23576.988,72.135,87.116,6241.383,896.59,21.643,23.062,687.236,240.61,5.808,2.539,2303.296,806.42,19.467,8.511,11001.755,75.19,1.815,40.651,1183.502,347.91,8.398,4.373,3.097,0.61,0.015,0.011,98.395,34.45,0.832,0.364,North America,High-Income
United States,2008,305694912.0,15319731011584.0,4140.35,4107.53,16.969,518.419,2129.42,32.82,26405.514,227.219,55.03,1.34,0.86,6233.055,1985.8,48.345,23.605,2924.21,22795.662,71.191,86.329,6288.912,882.98,21.497,23.817,705.476,248.54,6.051,2.672,2288.376,806.21,19.628,8.666,10273.694,55.43,1.349,38.907,1321.477,377.11,9.181,5.005,4.589,0.86,0.021,0.017,157.145,55.36,1.348,0.595,North America,High-Income
United States,2009,308512032.0,14894294368256.0,3973.87,3939.82,17.228,496.259,1955.17,34.05,25105.531,258.137,54.49,1.383,1.028,5482.376,1755.9,44.568,21.837,2725.41,21395.902,69.176,85.224,6176.281,920.98,23.376,24.601,758.314,268.82,6.823,3.021,2253.506,798.85,20.276,8.976,9737.244,48.53,1.232,38.785,1456.122,415.56,10.548,5.8,5.798,0.89,0.023,0.023,208.427,73.89,1.875,0.83,North America,High-Income
United States,2010,311182848.0,15270622003200.0,4139.92,4113.94,17.357,501.337,2062.47,25.98,25951.863,296.773,56.09,1.363,1.144,5800.542,1847.29,44.903,22.351,2882.49,22173.703,70.066,85.442,6481.935,987.7,24.009,24.977,714.086,254.7,6.191,2.752,2262.428,806.97,19.616,8.718,9891.228,47.5,1.155,38.114,1515.733,424.48,10.318,5.841,8.363,1.21,0.029,0.032,265.368,94.65,2.301,1.023,North America,High-Income
United States,2011,313876608.0,15509302018048.0,4126.12,4088.87,17.495,484.122,1979.51,37.25,25726.066,321.36,56.67,1.386,1.249,5473.071,1733.43,42.394,21.274,2788.93,21749.736,68.208,84.544,6582.108,1013.69,24.791,25.585,871.998,312.93,7.653,3.39,2201.92,790.2,19.326,8.559,9694.557,41.81,1.023,37.684,1774.409,509.74,12.467,6.897,13.073,1.82,0.045,0.051,334.874,120.18,2.939,1.302,North America,High-Income
United States,2012,316651328.0,15849635184640.0,4087.93,4040.67,17.741,470.467,1901.0,47.26,25047.863,321.98,57.62,1.426,1.285,4838.404,1514.04,37.47,19.317,2779.02,21192.219,68.776,84.607,6881.228,1225.89,30.339,27.472,751.373,271.29,6.714,3.0,2130.764,769.33,19.04,8.507,9472.587,39.09,0.967,37.818,1724.88,492.32,12.184,6.886,24.779,4.33,0.107,0.099,390.024,140.82,3.485,1.557,North America,High-Income
United States,2013,319375168.0,16108428984320.0,4113.49,4055.61,17.343,470.62,1908.65,57.88,25727.75,355.426,60.86,1.501,1.381,5022.271,1581.11,38.986,19.521,2746.21,21720.053,67.714,84.423,7070.228,1124.84,27.735,27.481,726.46,263.88,6.507,2.824,2172.121,789.02,19.455,8.443,9627.553,40.26,0.993,37.421,1835.576,520.38,12.831,7.135,43.715,9.04,0.223,0.17,462.054,167.84,4.138,1.796,North America,High-Income
United States,2014,322033952.0,16482662612992.0,4149.22,4096.01,17.333,467.311,1914.11,53.21,25996.219,360.515,63.99,1.562,1.387,5010.856,1581.71,38.616,19.275,2752.01,21926.727,67.188,84.346,7222.604,1126.61,27.505,27.783,692.853,253.19,6.181,2.665,2181.415,797.17,19.462,8.391,9693.266,43.69,1.067,37.287,1888.077,546.83,13.35,7.263,79.149,28.92,0.706,0.304,497.093,181.65,4.435,1.912,North America,High-Income
United States,2015,324607776.0,16902578503680.0,4150.66,4083.99,17.463,447.663,1828.25,66.67,25747.033,377.211,63.63,1.558,1.465,4329.078,1352.4,33.115,16.814,2730.32,21655.59,66.854,84.109,7435.795,1333.48,32.651,28.88,663.691,243.99,5.974,2.578,2168.462,797.18,19.52,8.422,9890.718,44.44,1.088,38.415,1922.98,556.49,13.626,7.469,106.174,39.03,0.956,0.412,518.788,190.72,4.67,2.015,North America,High-Income
United States,2016,327210208.0,17162557194240.0,4154.06,4087.56,17.579,429.437,1755.35,66.5,25723.152,409.229,62.76,1.535,1.591,3960.741,1239.15,30.315,15.398,2656.96,21413.307,65.001,83.245,7490.989,1378.31,33.72,29.122,706.105,261.13,6.388,2.745,2178.659,805.69,19.711,8.47,9961.576,39.5,0.966,38.726,2131.185,624.91,15.288,8.285,148.362,54.87,1.342,0.577,613.806,226.99,5.553,2.386,North America,High-Income
United States,2017,329791232.0,17596283879424.0,4108.62,4052.31,17.442,416.784,1688.94,56.31,25819.029,410.054,62.73,1.548,1.588,3852.593,1205.84,29.757,14.922,2540.17,21310.291,62.684,82.537,7399.922,1296.44,31.993,28.661,789.888,293.84,7.251,3.059,2163.843,804.95,19.864,8.381,10057.775,37.89,0.935,38.955,2344.897,707.19,17.452,9.082,207.734,77.28,1.907,0.805,683.609,254.3,6.275,2.648,North America,High-Income
United States,2018,332140032.0,18140645818368.0,4246.01,4201.55,17.395,412.062,1731.3,44.46,26764.953,404.621,61.83,1.472,1.512,3689.458,1149.49,27.359,13.785,2661.3,22208.822,63.341,82.977,8219.633,1469.13,34.966,30.71,765.977,286.62,6.822,2.862,2156.894,807.08,19.209,8.059,10299.73,42.68,1.016,38.482,2399.24,733.17,17.45,8.964,249.513,93.36,2.222,0.932,728.691,272.67,6.49,2.723,North America,High-Income
United States,2019,334319680.0,,4197.42,4158.38,17.377,392.776,1633.31,39.04,26574.742,415.87,57.51,1.383,1.565,3150.46,964.96,23.205,11.855,2588.21,21944.391,62.241,82.576,8509.999,1585.81,38.135,32.023,752.485,282.61,6.796,2.832,2155.132,809.41,19.465,8.11,10283.932,37.44,0.9,38.698,2475.22,760.76,18.295,9.314,284.616,106.89,2.57,1.071,787.816,295.88,7.115,2.965,North America,High-Income
United States,2020,335942016.0,,4090.49,4043.18,18.456,369.392,1493.52,47.31,24603.098,378.321,54.7,1.353,1.538,2556.181,773.39,19.128,10.39,2431.9,19917.447,60.148,80.955,8328.868,1624.17,40.171,33.853,742.663,279.95,6.924,3.019,2095.404,789.88,19.536,8.517,9032.397,34.34,0.849,36.712,2590.245,821.4,20.316,10.528,346.779,130.72,3.233,1.409,896.488,337.94,8.358,3.644,North America,High-Income
United States,2021,336997632.0,,4192.93,4153.62,17.892,379.26,1575.3,39.31,25945.025,415.839,54.25,1.306,1.603,2936.894,898.0,21.62,11.32,2512.39,21158.328,60.487,81.551,8358.034,1579.19,38.02,32.214,651.455,246.47,5.934,2.511,2060.685,779.65,18.77,7.943,9863.398,35.2,0.847,38.017,2726.014,861.58,20.743,10.507,434.585,164.42,3.958,1.675,999.615,378.2,9.105,3.853,North America,High-Income
United States,2022,338289856.0,,4328.12,4286.91,18.044,368.102,1578.02,41.21,26641.771,433.866,51.85,1.209,1.629,2741.221,831.51,19.396,10.289,2557.22,21595.023,59.652,81.057,8812.123,1687.07,39.354,33.076,674.078,248.76,5.803,2.53,2031.819,771.54,17.998,7.626,10041.679,38.64,0.901,37.691,3014.93,958.15,22.351,11.317,537.517,205.08,4.784,2.018,1145.063,434.3,10.131,4.298,North America,High-Income
